Workbook

Sheet Base_Alunos_ADI_2026
A1: ID | B1: RA | C1: nome | D1: serie | E1: ano_ingresso | F1: status | G1: aceitou_vaga | H1: cidade | I1: estado | J1: media_engajamento | K1: assinou_contrato | L1: acessou_email | M1: prova_unica_26.1 | N1: cadastro_atualizado | O1: presença_encontroclubes | P1: justificativa_ausência | Q1: acessou_discord
A2: 963372 | B2: 2024059447 | C2: Sandra | D2: 1° ano | E2: 2024 | F2: Ativo | G2: Sim | H2: Itu | I2: São Paulo | J2: 1 | K2: 1 | L2: 1 | M2: 1 | N2: 1 | O2: 1 | Q2: Sim
A3: 963454 | B3: 2024059937 | C3: Aparecida | D3: 1° ano | E3: 2024 | F3: Ativo | G3: Sim | H3: Campinas | I3: São Paulo | J3: 1 | K3: 1 | L3: 1 | M3: 1 | N3: 1 | O3: 1 | Q3: Sim
A4: 963536 | B4: 2024055535 | C4: Celia | D4: 1° ano | E4: 2024 | F4: Inativo | G4: Sim | H4: Rio de Janeiro | I4: Rio de Janeiro | J4: 0 | K4: 1 | L4: 1 | M4: 0 | N4: 1 | O4: 0 | P4: 0
A5: 963570 | B5: 2024054541 | C5: Heitor | D5: 1° ano | E5: 2024 | F5: Ativo | G5: Sim | H5: Salvador | I5: Bahia | J5: 0.8 | K5: 0 | L5: 1 | M5: 1 | N5: 1 | O5: 1 | Q5: Sim
A6: 963573 | B6: 2024052949 | C6: Danilo | D6: 1° ano | E6: 2024 | F6: Ativo | G6: Sim | H6: Joinville | I6: Santa Catarina | J6: 0 | K6: 0 | L6: 1 | M6: 1 | N6: 0 | O6: 0 | P6: 0 | Q6: Sim
A7: 963581 | B7: 2024057522 | C7: Bernardo | D7: 1° ano | E7: 2024 | F7: Ativo | G7: Sim | H7: Vargem Grande Paulista | I7: São Paulo | J7: 0.8 | K7: 0 | L7: 1 | M7: 1 | N7: 1 | O7: 1 | Q7: Sim
A8: 963655 | B8: 2024059770 | C8: Silvio | D8: 1° ano | E8: 2024 | F8: Ativo | G8: Sim | H8: Belo Horizonte | I8: Minas Gerais | J8: 0.8 | K8: 0 | L8: 1 | M8: 1 | N8: 1 | O8: 1 | Q8: Sim
A9: 963823 | B9: 2024059811 | C9: Marilene | D9: 1° ano | E9: 2024 | F9: Ativo | G9: Sim | H9: Joinville | I9: Santa Catarina | J9: 0 | K9: 0 | L9: 1 | M9: 0 | N9: 0 | O9: 0 | P9: 0
A10: 964156 | B10: 2024056554 | C10: Roberta | D10: 1° ano | E10: 2024 | F10: Ativo | G10: Sim | H10: Bela Cruz | I10: Ceará | J10: 0 | K10: 0 | L10: 1 | M10: 0 | N10: 0 | O10: 0 | P10: 0
A11: 964163 | B11: 2024058609 | C11: Milena | D11: 1° ano | E11: 2024 | F11: Ativo | G11: Sim | H11: Caieiras | I11: São Paulo | J11: 1 | K11: 1 | L11: 1 | M11: 1 | N11: 1 | O11: 1 | Q11: Sim
A12: 964279 | B12: 2024059473 | C12: Italo | D12: 1° ano | E12: 2024 | F12: Ativo | G12: Sim | H12: Cambota (Bela Cruz) | I12: Ceará | J12: 0.33333333 | K12: 0 | L12: 1 | M12: 0 | N12: 1 | O12: 0 | P12: 0 | Q12: Sim
A13: 964281 | B13: 2024053394 | C13: Luana | D13: 1° ano | E13: 2024 | F13: Ativo | G13: Sim | H13: Contagem | I13: Minas Gerais | J13: 0.9 | K13: 0.5 | L13: 1 | M13: 1 | N13: 1 | O13: 1
A14: 964326 | B14: 2024053866 | C14: Rosana | D14: 1° ano | E14: 2024 | F14: Ativo | G14: Sim | H14: Embu Guaçu | I14: São Paulo | J14: 1 | K14: 1 | L14: 1 | M14: 1 | N14: 1 | O14: 1
A15: 964358 | B15: 2024059739 | C15: Teresinha | D15: 1° ano | E15: 2024 | F15: Ativo | G15: Sim | H15: Rio de Janeiro | I15: Rio de Janeiro | J15: 0.9 | K15: 0.5 | L15: 1 | M15: 1 | N15: 1 | O15: 1 | Q15: Sim
A16: 964373 | B16: 2024054375 | C16: Rodrigo | D16: 1° ano | E16: 2024 | F16: Ativo | G16: Sim | H16: Rio de Janeiro | I16: Rio de Janeiro | J16: 0.8 | K16: 0 | L16: 1 | M16: 1 | N16: 1 | O16: 1 | Q16: Sim
A17: 964391 | B17: 2024052851 | C17: Orlando | D17: 1° ano | E17: 2024 | F17: Ativo | G17: Sim | H17: Rio de Janeiro | I17: Rio de Janeiro | J17: 1 | K17: 1 | L17: 1 | M17: 1 | N17: 1 | O17: 1 | Q17: Sim
A18: 964398 | B18: 2024051371 | C18: Joao | D18: 1° ano | E18: 2024 | F18: Ativo | G18: Sim | H18: Raul Soares | I18: Minas Gerais | J18: 0 | K18: 0 | L18: 1 | M18: 0 | N18: 0 | O18: 0 | P18: 0
A19: 964568 | B19: 2024057400 | C19: Cecilia | D19: 1° ano | E19: 2024 | F19: Ativo | G19: Sim | H19: Osasco | I19: São Paulo | J19: 0 | K19: 1 | L19: 1 | M19: 1 | N19: 0 | O19: 0 | P19: 0 | Q19: Sim
A20: 964596 | B20: 2024056003 | C20: Terezinha | D20: 1° ano | E20: 2024 | F20: Ativo | G20: Sim | H20: São Paulo | I20: São Paulo | J20: 0.8 | K20: 0 | L20: 1 | M20: 1 | N20: 1 | O20: 1 | Q20: Sim
A21: 964618 | B21: 2024055428 | C21: Alisson | D21: 1° ano | E21: 2024 | F21: Ativo | G21: Sim | H21: São José dos Campos | I21: São Paulo | J21: 0 | K21: 1 | L21: 1 | M21: 1 | N21: 0 | O21: 0 | P21: 0 | Q21: Sim
A22: 964647 | B22: 2024055478 | C22: Helio | D22: 1° ano | E22: 2024 | F22: Ativo | G22: Sim | H22: Belo Horizonte | I22: Minas Gerais | J22: 1 | K22: 1 | L22: 1 | M22: 1 | N22: 1 | O22: 1 | Q22: Sim
A23: 964713 | B23: 2024057489 | C23: Liliane | D23: 1° ano | E23: 2024 | F23: Ativo | G23: Sim | H23: São Paulo | I23: São Paulo | J23: 1 | K23: 1 | L23: 1 | M23: 1 | N23: 1 | O23: 1 | Q23: Sim
A24: 964771 | B24: 2024057780 | C24: Paulo | D24: 1° ano | E24: 2024 | F24: Ativo | G24: Sim | H24: Mauá | I24: São Paulo | J24: 1 | K24: 1 | L24: 1 | M24: 1 | N24: 1 | O24: 1 | Q24: Sim
A25: 964780 | B25: 2024051621 | C25: Breno | D25: 1° ano | E25: 2024 | F25: Ativo | G25: Sim | H25: Cotia | I25: São Paulo | J25: 0 | K25: 0 | L25: 1 | M25: 1 | N25: 0 | O25: 0 | P25: 0 | Q25: Sim
A26: 964793 | B26: 2024058553 | C26: Simone | D26: 1° ano | E26: 2024 | F26: Ativo | G26: Sim | H26: Sorocaba | I26: São Paulo | J26: 1 | K26: 1 | L26: 1 | M26: 1 | N26: 1 | O26: 1 | Q26: Sim
A27: 964947 | B27: 2024052675 | C27: Sheila | D27: 1° ano | E27: 2024 | F27: Ativo | G27: Sim | H27: São José dos Campos | I27: São Paulo | J27: 0 | K27: 0 | L27: 1 | M27: 0 | N27: 0 | O27: 0 | P27: 0 | Q27: Sim
A28: 964991 | B28: 2024051003 | C28: Josue | D28: 1° ano | E28: 2024 | F28: Inativo | G28: Sim | H28: Belo Horizonte | I28: Minas Gerais | J28: 0 | K28: 1 | L28: 1 | M28: 0 | N28: 0 | O28: 0 | P28: 0
A29: 965010 | B29: 2024054164 | C29: Margarida | D29: 1° ano | E29: 2024 | F29: Ativo | G29: Sim | H29: São José dos Campos | I29: São Paulo | J29: 0.66666667 | K29: 1 | L29: 1 | M29: 1 | N29: 1 | O29: 0 | P29: 0 | Q29: Sim
A30: 965155 | B30: 2024053713 | C30: Giovana | D30: 1° ano | E30: 2024 | F30: Ativo | G30: Sim | H30: São Paulo | I30: São Paulo | J30: 0 | K30: 0 | L30: 1 | M30: 0 | N30: 0 | O30: 0 | P30: 0
A31: 965216 | B31: 2024058959 | C31: Joaquim | D31: 1° ano | E31: 2024 | F31: Ativo | G31: Sim | H31: Betim | I31: Minas Gerais | J31: 0 | K31: 0 | L31: 1 | M31: 1 | N31: 0 | O31: 0 | P31: 0
A32: 965284 | B32: 2024059446 | C32: Rosa | D32: 1° ano | E32: 2024 | F32: Ativo | G32: Sim | H32: São Paulo | I32: São Paulo | J32: 1 | K32: 1 | L32: 1 | M32: 1 | N32: 1 | O32: 1 | Q32: Sim
A33: 965302 | B33: 2024051753 | C33: Gabriel | D33: 1° ano | E33: 2024 | F33: Ativo | G33: Sim | H33: São Paulo | I33: São Paulo | J33: 1 | K33: 1 | L33: 1 | M33: 1 | N33: 1 | O33: 1 | Q33: Sim
A34: 965304 | B34: 2024055204 | C34: Gael | D34: 1° ano | E34: 2024 | F34: Ativo | G34: Sim | H34: São Paulo | I34: São Paulo | J34: 0 | K34: 0 | L34: 1 | M34: 0 | N34: 0 | O34: 0 | P34: 0
A35: 965376 | B35: 2024051444 | C35: Moises | D35: 1° ano | E35: 2024 | F35: Ativo | G35: Sim | H35: Rio de Janeiro | I35: Rio de Janeiro | J35: 0.66666667 | K35: 1 | L35: 1 | M35: 1 | N35: 1 | O35: 0 | P35: 0 | Q35: Sim
A36: 965437 | B36: 2024052265 | C36: Marcela | D36: 1° ano | E36: 2024 | F36: Ativo | G36: Sim | H36: Rio de Janeiro | I36: Rio de Janeiro | J36: 0.5 | K36: 0 | L36: 1 | M36: 1 | N36: 1 | O36: 0 | P36: 0 | Q36: Sim
A37: 965496 | B37: 2024052046 | C37: Angelo | D37: 1° ano | E37: 2024 | F37: Ativo | G37: Sim | H37: Vila Velha | I37: Espírito Santo | J37: 0 | K37: 0.5 | L37: 1 | M37: 0 | N37: 0 | O37: 0 | P37: 0
A38: 968025 | B38: 2026074095 | C38: Sueli | D38: 1° ano | E38: 2026 | F38: Ativo | G38: Sim | H38: São Miguel dos Campos | I38: Alagoas | J38: 0.66666667 | K38: 1 | L38: 1 | M38: 1 | N38: 1 | O38: 0 | P38: 0 | Q38: Sim
A39: 968088 | B39: 2026073286 | C39: Augusto | D39: 1° ano | E39: 2026 | F39: Ativo | G39: Sim | H39: São Paulo | I39: São Paulo | J39: 0 | K39: 1 | L39: 0 | M39: 0 | N39: 0 | O39: 0 | P39: 0 | Q39: Sim
A40: 968263 | B40: 2026077641 | C40: Beatriz | D40: 1° ano | E40: 2026 | F40: Ativo | G40: Sim | H40: São José dos Campos | I40: São Paulo | J40: 0 | K40: 1 | L40: 1 | M40: 1 | N40: 0 | O40: 0 | P40: 0 | Q40: Sim
A41: 968407 | B41: 2026072788 | C41: Marli | D41: 1° ano | E41: 2026 | F41: Ativo | G41: Sim | H41: São José dos Campos | I41: São Paulo | J41: 0.66666667 | K41: 1 | L41: 1 | M41: 1 | N41: 1 | O41: 0 | P41: 0 | Q41: Sim
A42: 968625 | B42: 2026071511 | C42: Levi | D42: 1° ano | E42: 2026 | F42: Ativo | G42: Sim | H42: São Paulo | I42: São Paulo | J42: 1 | K42: 1 | L42: 1 | M42: 1 | N42: 1 | O42: 1 | Q42: Sim
A43: 969951 | B43: 2026052847 | C43: Reginaldo | D43: 8° ano | E43: 2026 | F43: Ativo | G43: Sim | H43: São José da Lapa | I43: Minas Gerais | J43: 1 | K43: 1 | L43: 1 | M43: 1 | N43: 1 | O43: 1 | Q43: Sim
A44: 970117 | B44: 2026073206 | C44: Gisele | D44: 1° ano | E44: 2026 | F44: Ativo | G44: Sim | H44: Rio de Janeiro | I44: Rio de Janeiro | J44: 1 | K44: 1 | L44: 1 | M44: 1 | N44: 1 | O44: 1 | Q44: Sim
A45: 970309 | B45: 2026072099 | C45: Fabricio | D45: 1° ano | E45: 2026 | F45: Ativo | G45: Sim | H45: São Paulo | I45: São Paulo | J45: 1 | K45: 1 | L45: 1 | M45: 1 | N45: 1 | O45: 1 | Q45: Sim
A46: 970370 | B46: 2026066318 | C46: Pedro | D46: 9° ano | E46: 2026 | F46: Ativo | G46: Sim | H46: Rio de Janeiro | I46: Rio de Janeiro | J46: 0 | K46: 1 | L46: 1 | M46: 1 | N46: 0 | O46: 0 | P46: 0 | Q46: Sim
A47: 971600 | B47: 2026074668 | C47: Ester | D47: 9° ano | E47: 2026 | F47: Ativo | G47: Sim | H47: Salvador | I47: Bahia | J47: 0.5 | K47: 1 | L47: 1 | M47: 0 | N47: 1 | O47: 0 | P47: 0 | Q47: Sim
A48: 971613 | B48: 2026078874 | C48: Nathalia | D48: 1° ano | E48: 2026 | F48: Ativo | G48: Sim | H48: Rio de Janeiro | I48: Rio de Janeiro | J48: 1 | K48: 1 | L48: 1 | M48: 1 | N48: 1 | O48: 1 | Q48: Sim
A49: 973603 | B49: 2026054780 | C49: Heloisa | D49: 8° ano | E49: 2026 | F49: Ativo | G49: Sim | H49: Joinville | I49: Santa Catarina | J49: 1 | K49: 1 | L49: 1 | M49: 1 | N49: 1 | O49: 1 | Q49: Sim
A50: 973897 | B50: 2026075534 | C50: Wesley | D50: 1° ano | E50: 2026 | F50: Ativo | G50: Sim | H50: Rio de Janeiro | I50: Rio de Janeiro | J50: 0.66666667 | K50: 1 | L50: 1 | M50: 1 | N50: 1 | O50: 0 | P50: 0 | Q50: Sim
A51: 974360 | B51: 2026072554 | C51: Neusa | D51: 1° ano | E51: 2026 | F51: Ativo | G51: Sim | H51: São Paulo | I51: São Paulo | J51: 0 | K51: 1 | L51: 1 | M51: 1 | N51: 0 | O51: 0 | P51: 0 | Q51: Sim
A52: 974640 | B52: 2026054697 | C52: Brenda | D52: 8° ano | E52: 2026 | F52: Ativo | G52: Sim | H52: Campo Largo | I52: Paraná | J52: 1 | K52: 1 | L52: 1 | M52: 1 | N52: 1 | O52: 1 | Q52: Sim
A53: 974871 | B53: 2026075434 | C53: Jeferson | D53: 1° ano | E53: 2026 | F53: Ativo | G53: Sim | H53: São José dos Campos | I53: São Paulo | J53: 0.66666667 | K53: 1 | L53: 1 | M53: 1 | N53: 1 | O53: 0 | P53: 0
A54: 975481 | B54: 2026072892 | C54: Kauan | D54: 1° ano | E54: 2026 | F54: Ativo | G54: Sim | H54: Manaus | I54: Amazonas | J54: 1 | K54: 1 | L54: 1 | M54: 1 | N54: 1 | O54: 1 | Q54: Sim
A55: 975677 | B55: 2026056517 | C55: Selma | D55: 8° ano | E55: 2026 | F55: Ativo | G55: Sim | H55: João Pessoa | I55: Paraíba | J55: 1 | K55: 1 | L55: 1 | M55: 1 | N55: 1 | O55: 1 | Q55: Sim
A56: 975753 | B56: 2026053917 | C56: Maicon | D56: 8° ano | E56: 2026 | F56: Ativo | G56: Sim | H56: Paulista | I56: Pernambuco | J56: 0 | K56: 1 | L56: 0 | M56: 0 | N56: 0 | O56: 0 | P56: 0
A57: 976013 | B57: 2026056129 | C57: Pamela | D57: 8° ano | E57: 2026 | F57: Ativo | G57: Sim | H57: Magé | I57: Rio de Janeiro | J57: 0.83333333 | K57: 1 | L57: 1 | M57: 1 | N57: 1 | O57: 0 | P57: 1 | Q57: Sim
A58: 976297 | B58: 2026051178 | C58: Roberto | D58: 8° ano | E58: 2026 | F58: Ativo | G58: Sim | H58: Recife | I58: Pernambuco | J58: 1 | K58: 1 | L58: 1 | M58: 1 | N58: 1 | O58: 1 | Q58: Sim
A59: 976423 | B59: 2026054991 | C59: Vitor | D59: 8° ano | E59: 2026 | F59: Ativo | G59: Sim | H59: Nilópolis | I59: Rio de Janeiro | J59: 1 | K59: 1 | L59: 1 | M59: 1 | N59: 1 | O59: 1 | Q59: Sim
A60: 977659 | B60: 2026073687 | C60: Vanessa | D60: 1° ano | E60: 2026 | F60: Ativo | G60: Sim | H60: São Paulo | I60: São Paulo | J60: 0 | K60: 1 | L60: 0 | M60: 0 | N60: 0 | O60: 0 | P60: 0
A61: 978438 | B61: 2026056824 | C61: Adriana | D61: 8° ano | E61: 2026 | F61: Ativo | G61: Sim | H61: Franca | I61: São Paulo | J61: 0 | K61: 1 | L61: 0 | M61: 0 | N61: 0 | O61: 0 | P61: 0
A62: 978514 | B62: 2026061408 | C62: Gabriela | D62: 9° ano | E62: 2026 | F62: Ativo | G62: Sim | H62: São José dos Campos | I62: São Paulo | J62: 1 | K62: 1 | L62: 1 | M62: 1 | N62: 1 | O62: 1 | Q62: Sim
A63: 978535 | B63: 2026058593 | C63: Cristina | D63: 8° ano | E63: 2026 | F63: Ativo | G63: Sim | H63: Senador Firmino | I63: Minas Gerais | J63: 1 | K63: 1 | L63: 1 | M63: 1 | N63: 1 | O63: 1 | Q63: Sim
A64: 978581 | B64: 2026059715 | C64: Alice | D64: 8° ano | E64: 2026 | F64: Ativo | G64: Sim | H64: Joinville | I64: Santa Catarina | J64: 1 | K64: 1 | L64: 1 | M64: 1 | N64: 1 | O64: 1
A65: 978690 | B65: 2026056335 | C65: Anna | D65: 8° ano | E65: 2026 | F65: Ativo | G65: Sim | H65: Presidente Kubitschek | I65: Minas Gerais | J65: 1 | K65: 1 | L65: 1 | M65: 1 | N65: 1 | O65: 1 | Q65: Sim
A66: 978758 | B66: 2026056288 | C66: Artur | D66: 8° ano | E66: 2026 | F66: Ativo | G66: Sim | H66: Ribeirão das Neves | I66: Minas Gerais | J66: 1 | K66: 1 | L66: 1 | M66: 1 | N66: 1 | O66: 1 | Q66: Sim
A67: 978767 | B67: 2026052097 | C67: Renato | D67: 8° ano | E67: 2026 | F67: Ativo | G67: Sim | H67: João Pessoa | I67: Paraíba | J67: 1 | K67: 1 | L67: 1 | M67: 1 | N67: 1 | O67: 1 | Q67: Sim
A68: 978769 | B68: 2026051043 | C68: Robson | D68: 8° ano | E68: 2026 | F68: Ativo | G68: Sim | H68: Poços de Caldas | I68: Minas Gerais | J68: 0 | K68: 1 | L68: 1 | M68: 1 | N68: 0 | O68: 1
A69: 978869 | B69: 2026057587 | C69: Daniela | D69: 8° ano | E69: 2026 | F69: Ativo | G69: Sim | H69: Parnaíba | I69: Piauí | J69: 0 | K69: 1 | L69: 0 | M69: 1 | N69: 0 | O69: 0 | P69: 0 | Q69: Sim
A70: 979058 | B70: 2026058263 | C70: Cleber | D70: 8° ano | E70: 2026 | F70: Ativo | G70: Sim | H70: Macajuba | I70: Bahia | J70: 1 | K70: 1 | L70: 1 | M70: 1 | N70: 1 | O70: 1 | Q70: Sim
A71: 979080 | B71: 2026058851 | C71: Fernando | D71: 8° ano | E71: 2026 | F71: Ativo | G71: Sim | H71: Três Coroas | I71: Rio Grande do Sul | J71: 1 | K71: 1 | L71: 1 | M71: 1 | N71: 1 | O71: 1 | Q71: Sim
A72: 979122 | B72: 2026053022 | C72: Cesar | D72: 8° ano | E72: 2026 | F72: Ativo | G72: Sim | H72: Curitiba | I72: Paraná | J72: 1 | K72: 1 | L72: 1 | M72: 1 | N72: 1 | O72: 1 | Q72: Sim
A73: 979147 | B73: 2026059386 | C73: Marcia | D73: 8° ano | E73: 2026 | F73: Ativo | G73: Sim | H73: Salvador | I73: Bahia | J73: 0 | K73: 1 | L73: 1 | M73: 1 | N73: 0 | O73: 0 | Q73: Sim
A74: 979195 | B74: 2026072609 | C74: Yasmim | D74: 1° ano | E74: 2026 | F74: Ativo | G74: Sim | H74: São José dos Campos | I74: São Paulo | J74: 0 | K74: 1 | L74: 1 | M74: 1 | N74: 0 | O74: 0 | P74: 0 | Q74: Sim
A75: 979363 | B75: 2026054800 | C75: Alessandra | D75: 8° ano | E75: 2026 | F75: Ativo | G75: Sim | H75: Maracanaú | I75: Ceará | J75: 0 | K75: 1 | L75: 1 | M75: 0 | N75: 0 | O75: 0 | P75: 0
A76: 980219 | B76: 2026059091 | C76: Alexandre | D76: 8° ano | E76: 2026 | F76: Ativo | G76: Sim | H76: Panambi | I76: Rio Grande do Sul | J76: 1 | K76: 1 | L76: 1 | M76: 1 | N76: 1 | O76: 1 | Q76: Sim
A77: 980729 | B77: 2026059321 | C77: Renata | D77: 8° ano | E77: 2026 | F77: Ativo | G77: Sim | H77: Cruzália | I77: São Paulo | J77: 1 | K77: 1 | L77: 1 | M77: 1 | N77: 1 | O77: 1 | Q77: Sim
A78: 980768 | B78: 2026071926 | C78: Raimundo | D78: 1° ano | E78: 2026 | F78: Ativo | G78: Sim | H78: São Bernardo do Campo | I78: São Paulo | J78: 0 | K78: 1 | L78: 1 | M78: 0 | N78: 0 | O78: 0 | P78: 0 | Q78: Sim
A79: 981022 | B79: 2026057103 | C79: Wilson | D79: 8° ano | E79: 2026 | F79: Ativo | G79: Sim | H79: Espinosa | I79: Minas Gerais | J79: 1 | K79: 1 | L79: 1 | M79: 1 | N79: 1 | O79: 1 | Q79: Sim
A80: 981086 | B80: 2026056123 | C80: Cristiane | D80: 8° ano | E80: 2026 | F80: Ativo | G80: Sim | H80: Macapá | I80: Amapá | J80: 0 | K80: 1 | L80: 0 | M80: 0 | N80: 0 | O80: 0 | P80: 0
A81: 981257 | B81: 2026069729 | C81: Junior | D81: 9° ano | E81: 2026 | F81: Ativo | G81: Sim | H81: Embu das Artes | I81: São Paulo | J81: 0.66666667 | K81: 1 | L81: 1 | M81: 1 | N81: 1 | O81: 0 | P81: 0 | Q81: Sim
A82: 981269 | B82: 2026059213 | C82: Vilma | D82: 8° ano | E82: 2026 | F82: Ativo | G82: Sim | H82: São José da Lapa | I82: Minas Gerais | J82: 1 | K82: 1 | L82: 1 | M82: 1 | N82: 1 | O82: 1 | Q82: Sim
A83: 981356 | B83: 2026059139 | C83: Nelson | D83: 8° ano | E83: 2026 | F83: Ativo | G83: Sim | H83: Espinosa | I83: Minas Gerais | J83: 0.66666667 | K83: 1 | L83: 1 | M83: 1 | N83: 1 | O83: 0 | P83: 0
A84: 981378 | B84: 2026052534 | C84: Eliane | D84: 8° ano | E84: 2026 | F84: Ativo | G84: Sim | H84: Buritizeiro | I84: Minas Gerais | J84: 1 | K84: 1 | L84: 1 | M84: 1 | N84: 1 | O84: 1 | Q84: Sim
A85: 981386 | B85: 2026067676 | C85: Alana | D85: 9° ano | E85: 2026 | F85: Ativo | G85: Sim | H85: Taboão da Serra | I85: São Paulo | J85: 1 | K85: 1 | L85: 1 | M85: 1 | N85: 1 | O85: 1 | Q85: Sim
A86: 981516 | B86: 2026075928 | C86: Raissa | D86: 1° ano | E86: 2026 | F86: Ativo | G86: Sim | H86: Maraú | I86: Bahia | J86: 0 | K86: 1 | L86: 1 | M86: 0 | N86: 0 | O86: 0 | P86: 0
A87: 981891 | B87: 2026078101 | C87: Tatiana | D87: 1° ano | E87: 2026 | F87: Ativo | G87: Sim | H87: São Paulo | I87: São Paulo | J87: 0 | K87: 1 | L87: 1 | M87: 0 | N87: 0 | O87: 0 | P87: 0 | Q87: Sim
A88: 982026 | B88: 2026057629 | C88: Elizabete | D88: 8° ano | E88: 2026 | F88: Ativo | G88: Sim | H88: Sobral | I88: Ceará | J88: 0 | K88: 1 | L88: 0 | M88: 0 | N88: 0 | O88: 0 | P88: 0
A89: 982188 | B89: 2026054719 | C89: Sophia | D89: 8° ano | E89: 2026 | F89: Ativo | G89: Sim | H89: Assis | I89: São Paulo | J89: 0.66666667 | K89: 1 | L89: 1 | M89: 1 | N89: 1 | O89: 0 | P89: 0 | Q89: Sim
A90: 982277 | B90: 2026054653 | C90: Ismael | D90: 8° ano | E90: 2026 | F90: Ativo | G90: Sim | H90: São José da Lapa | I90: Minas Gerais | J90: 0.66666667 | K90: 1 | L90: 1 | M90: 1 | N90: 1 | O90: 0 | P90: 0 | Q90: Sim
A91: 982705 | B91: 2026076699 | C91: Joel | D91: 1° ano | E91: 2026 | F91: Ativo | G91: Sim | H91: São José dos Campos | I91: São Paulo | J91: 0 | K91: 1 | L91: 0 | M91: 0 | N91: 0 | O91: 0 | P91: 0
A92: 983096 | B92: 2026071782 | C92: Mateus | D92: 1° ano | E92: 2026 | F92: Ativo | G92: Sim | H92: São José dos Campos | I92: São Paulo | J92: 1 | K92: 1 | L92: 1 | M92: 1 | N92: 1 | O92: 1 | Q92: Sim
A93: 983434 | B93: 2026072382 | C93: Flavia | D93: 1° ano | E93: 2026 | F93: Ativo | G93: Sim | H93: Guarujá | I93: São Paulo | J93: 0.66666667 | K93: 1 | L93: 1 | M93: 1 | N93: 1 | O93: 0 | P93: 0
A94: 983830 | B94: 2026078178 | C94: Benedito | D94: 1° ano | E94: 2026 | F94: Ativo | G94: Sim | H94: Rio de Janeiro | I94: Rio de Janeiro | J94: 0 | K94: 1 | L94: 0 | M94: 0 | N94: 0 | O94: 0 | P94: 0
A95: 983903 | B95: 2026076869 | C95: Geraldo | D95: 1° ano | E95: 2026 | F95: Ativo | G95: Sim | H95: Itapevi | I95: São Paulo | J95: 1 | K95: 1 | L95: 1 | M95: 1 | N95: 1 | O95: 1 | Q95: Sim
A96: 984022 | B96: 2026055540 | C96: Mario | D96: 8° ano | E96: 2026 | F96: Ativo | G96: Sim | H96: Caratinga | I96: Minas Gerais | J96: 1 | K96: 1 | L96: 1 | M96: 1 | N96: 1 | O96: 1 | Q96: Sim
A97: 984034 | B97: 2026078948 | C97: Caua | D97: 1° ano | E97: 2026 | F97: Ativo | G97: Sim | H97: Fortaleza | I97: Ceará | J97: 0 | K97: 1 | L97: 0 | M97: 0 | N97: 0 | O97: 0 | P97: 0
A98: 984537 | B98: 2026071838 | C98: Aline | D98: 1° ano | E98: 2026 | F98: Ativo | G98: Sim | H98: Rio de Janeiro | I98: Rio de Janeiro | J98: 1 | K98: 1 | L98: 1 | M98: 1 | N98: 1 | O98: 1 | Q98: Sim
A99: 984604 | B99: 2026051634 | C99: Claudio | D99: 8° ano | E99: 2026 | F99: Ativo | G99: Sim | H99: Franca | I99: São Paulo | J99: 0 | K99: 1 | L99: 1 | M99: 1 | N99: 0 | O99: 0 | P99: 0 | Q99: Sim
A100: 984706 | B100: 2026054486 | C100: Rubens | D100: 8° ano | E100: 2026 | F100: Ativo | G100: Sim | H100: Vieiras | I100: Minas Gerais | J100: 0 | K100: 1 | L100: 0 | M100: 0 | N100: 0 | O100: 0 | P100: 0 | Q100: Sim
...

Sheet Base_PS_2026
A1: ID | B1: nome | C1: serie | D1: origem | E1: genero | F1: etnia | G1: acesso_plataforma | H1: progresso_aulas | I1: cidade | J1: estado | K1: regiao | L1: fez_PD | M1: dentro_criterio_PD | N1: nota_MAT | O1: cluster_nota_MAT
A2: 968025 | B2: Sueli | C2: 9° ano | D2: Processo Seletivo - 1° Leva | E2: Feminino | F2: Parda | G2: Sim | H2: 0.0645 | I2: São Miguel dos Campos | J2: Alagoas | K2: Nordeste | L2: Sim | M2: Sim | N2: 94.165567 | O2: Entre 90 e 100
A3: 968088 | B3: Augusto | C3: 9° ano | D3: Processo Seletivo - 1° Leva | E3: Feminino | F3: Parda | G3: Sim | H3: 0.9032 | I3: São Paulo | J3: São Paulo | K3: Sudeste | L3: Sim | M3: Sim | N3: 83.314382 | O3: Entre 80 e 90
A4: 968263 | B4: Beatriz | C4: 9° ano | D4: Processo Seletivo - 1° Leva | E4: Masculino | F4: Branca | G4: Sim | H4: 0.8065 | I4: São José dos Campos | J4: São Paulo | K4: Sudeste | L4: Sim | M4: Sim | N4: 91.213334 | O4: Entre 90 e 100
A5: 968407 | B5: Marli | C5: 9° ano | D5: Processo Seletivo - 1° Leva | E5: Feminino | F5: Branca | G5: Sim | H5: 1 | I5: São José dos Campos | J5: São Paulo | K5: Sudeste | L5: Sim | M5: Sim | N5: 93.554109 | O5: Entre 90 e 100
A6: 968625 | B6: Levi | C6: 9° ano | D6: Processo Seletivo - 1° Leva | E6: Feminino | F6: Branca | G6: Sim | H6: 1 | I6: São Paulo | J6: São Paulo | K6: Sudeste | L6: Sim | M6: Sim | N6: 84.701255 | O6: Entre 80 e 90
A7: 969951 | B7: Reginaldo | C7: 7º ano | D7: Processo Seletivo - 1° Leva | E7: Masculino | F7: Parda | G7: Sim | H7: 1 | I7: São José da Lapa | J7: Minas Gerais | K7: Sudeste | L7: Sim | M7: Sim | N7: 75.542319 | O7: Entre 70 e 80
A8: 970117 | B8: Gisele | C8: 9° ano | D8: Processo Seletivo - 1° Leva | E8: Feminino | F8: Branca | G8: Sim | H8: 1 | I8: Rio de Janeiro | J8: Rio de Janeiro | K8: Sudeste | L8: Sim | M8: Sim | N8: 82.181806 | O8: Entre 80 e 90
A9: 970309 | B9: Fabricio | C9: 9° ano | D9: Processo Seletivo - 1° Leva | E9: Feminino | F9: Branca | G9: Sim | H9: 1 | I9: São Paulo | J9: São Paulo | K9: Sudeste | L9: Sim | M9: Sim | N9: 83.685234 | O9: Entre 80 e 90
A10: 970370 | B10: Pedro | C10: 8° ano | D10: Processo Seletivo - 1° Leva | E10: Masculino | F10: Parda | G10: Sim | H10: 1 | I10: Rio de Janeiro | J10: Rio de Janeiro | K10: Sudeste | L10: Sim | M10: Sim | N10: 84.477367 | O10: Entre 80 e 90
A11: 971600 | B11: Ester | C11: 9° ano | D11: Processo Seletivo - 1° Leva | E11: Feminino | F11: Parda | G11: Sim | H11: 1 | I11: Salvador | J11: Bahia | K11: Nordeste | L11: Sim | M11: Sim | N11: 109.15008 | O11: Maior que 100
A12: 971613 | B12: Nathalia | C12: 9° ano | D12: Processo Seletivo - 1° Leva | E12: Feminino | F12: Parda | G12: Sim | H12: 1 | I12: Rio de Janeiro | J12: Rio de Janeiro | K12: Sudeste | L12: Sim | M12: Sim | N12: 88.769049 | O12: Entre 80 e 90
A13: 973603 | B13: Heloisa | C13: 7º ano | D13: Processo Seletivo - 1° Leva | E13: Masculino | F13: Preta | G13: Sim | H13: 0.9677 | I13: Joinville | J13: Santa Catarina | K13: Sul | L13: Sim | M13: Sim | N13: 71.564897 | O13: Entre 70 e 80
... A295: 992058 | B295: Gabriele | C295: 9° ano | D295: Processo Seletivo - 2° Leva | E295: Feminino | F295: Branca | G295: Sim | H295: 1 | I295: São José dos Campos | J295: São Paulo | K295: Sudeste | L295: Sim | M295: Sim | N295: 88.661992 | O295: Entre 80 e 90
A296: MP102 | B296: Luiza | C296: 7º ano | D296: Missão Planeta | E296: Masculino | F296: Parda | G296: Sim | H296: 0.0303 | I296: Açailandia | J296: Maranhão | K296: Nordeste | L296: Sim | M296: Sim | N296: 87.893527 | O296: Entre 80 e 90
A297: MP103 | B297: Edilson | C297: 7º ano | D297: Missão Planeta | E297: Feminino | F297: Parda | G297: Sim | H297: 0.5152 | I297: Penedo | J297: Alagoas | K297: Nordeste | L297: Sim | M297: Não | N297: 79.674198 | O297: Entre 70 e 80
A298: MP107 | B298: Vera | C298: 7º ano | D298: Missão Planeta | E298: Masculino | F298: Parda | G298: Sim | H298: 0.6667 | I298: Coruripe | J298: Alagoas | K298: Nordeste | L298: Sim | M298: Sim | N298: 102.32415 | O298: Maior que 100
A299: MP108 | B299: Rosilene | C299: 7º ano | D299: Missão Planeta | E299: Feminino | F299: Parda | G299: Sim | H299: 1 | I299: Coruripe | J299: Alagoas | K299: Nordeste | L299: Sim | M299: Sim | N299: 76.626675 | O299: Entre 70 e 80
A300: MP133 | B300: Clara | C300: 7º ano | D300: Missão Planeta | E300: Feminino | F300: Branca | G300: Sim | H300: 0.8788 | I300: Rio de Janeiro | J300: Rio de Janeiro | K300: Sudeste | L300: Sim | M300: Sim | N300: 63.313246 | O300: Entre 60 e 70
A301: MP134 | B301: Luciene | C301: 9° ano | D301: Missão Planeta | E301: Feminino | F301: Branca | G301: Sim | H301: 1 | I301: Maraú | J301: Bahia | K301: Nordeste | L301: Sim | M301: Sim | N301: 91.732691 | O301: Entre 90 e 100
A302: MP135 | B302: Michele | C302: 7º ano | D302: Missão Planeta | E302: Masculino | F302: Parda | G302: Sim | H302: 0.9394 | I302: Rio de Janeiro | J302: Rio de Janeiro | K302: Sudeste | L302: Sim | M302: Sim | N302: 65.794849 | O302: Entre 60 e 70
A303: MP138 | B303: Thais | C303: 7º ano | D303: Missão Planeta | E303: Feminino | F303: Parda | G303: Sim | H303: 1 | I303: São Paulo | J303: São Paulo | K303: Sudeste | L303: Sim | M303: Sim | N303: 61.455211 | O303: Entre 60 e 70
A304: MP139 | B304: Ruan | C304: 9° ano | D304: Missão Planeta | E304: Feminino | F304: Branca | G304: Sim | H304: 0.0303 | I304: Ilhéus | J304: Bahia | K304: Nordeste | L304: Sim | M304: Sim | N304: 99.170556 | O304: Entre 90 e 100
A305: MP15 | B305: Vagner | C305: 7º ano | D305: Missão Planeta | E305: Masculino | F305: Parda | G305: Sim | H305: 0.7576 | I305: Embu das Artes | J305: São Paulo | K305: Sudeste | L305: Sim | M305: Sim | N305: 62.266651 | O305: Entre 60 e 70
A306: MP23 | B306: Everton | C306: 7º ano | D306: Missão Planeta | E306: Masculino | F306: Branca | G306: Sim | H306: 1 | I306: Belo Horizonte | J306: Minas Gerais | K306: Sudeste | L306: Sim | M306: Sim | N306: 88.545984 | O306: Entre 80 e 90
A307: MP25 | B307: Rafaela | C307: 7º ano | D307: Missão Planeta | E307: Masculino | F307: Parda | G307: Sim | H307: 1 | I307: Uirapuru | J307: Goiás | K307: Centro-Oeste | L307: Sim | M307: Não | N307: 84.628379 | O307: Entre 80 e 90
... A310: MP39 | B310: Sabrina | C310: 7º ano | D310: Missão Planeta | E310: Masculino | F310: Branca | G310: Sim | H310: 0.7576 | I310: Curitiba | J310: Paraná | K310: Sul | L310: Sim | M310: Sim | N310: 73.43763 | O310: Entre 70 e 80
A311: MP51 | B311: Jefferson | C311: 9° ano | D311: Missão Planeta | E311: Feminino | F311: Parda | G311: Sim | H311: 0.8182 | I311: Rio de Janeiro | J311: Rio de Janeiro | K311: Sudeste | L311: Não | M311: -- | N311: -- | O311: --
A312: MP52 | B312: Lucilene | C312: 7º ano | D312: Missão Planeta | E312: Masculino | F312: Parda | G312: Sim | H312: 0.7576 | I312: Rio de Janeiro | J312: Rio de Janeiro | K312: Sudeste | L312: Sim | M312: Sim | N312: 68.266039 | O312: Entre 60 e 70
A313: MP54 | B313: Nilson | C313: 9° ano | D313: Missão Planeta | E313: Feminino | F313: Branca | G313: Sim | H313: 1 | I313: Rio de Janeiro | J313: Rio de Janeiro | K313: Sudeste | L313: Sim | M313: Não | N313: 67.251184 | O313: Entre 60 e 70
A314: MP59 | B314: Marina | C314: 9° ano | D314: Missão Planeta | E314: Feminino | F314: Parda | G314: Sim | H314: 0.0303 | I314: Ilhéus | J314: Bahia | K314: Nordeste | L314: Sim | M314: Sim | N314: 100.89146 | O314: Maior que 100
A315: MP62 | B315: Lara | C315: 9° ano | D315: Missão Planeta | E315: Masculino | F315: Branca | G315: Sim | H315: 1 | I315: Caraguatatuba | J315: São Paulo | K315: Sudeste | L315: Sim | M315: Sim | N315: 84.539277 | O315: Entre 80 e 90
A316: MP66 | B316: Raiane | C316: 7º ano | D316: Missão Planeta | E316: Feminino | F316: Branca | G316: Sim | H316: 1 | I316: Jundiaí | J316: São Paulo | K316: Sudeste | L316: Sim | M316: Sim | N316: 97.313121 | O316: Entre 90 e 100
A317: MP70 | B317: Josefa | C317: 9° ano | D317: Missão Planeta | E317: Masculino | F317: Parda | G317: Sim | H317: 1 | I317: Franca | J317: São Paulo | K317: Sudeste | L317: Sim | M317: Sim | N317: 78.886649 | O317: Entre 70 e 80
A318: MP80 | B318: Pablo | C318: 7º ano | D318: Missão Planeta | E318: Feminino | F318: Parda | G318: Sim | H318: 0.7576 | I318: Rio de Janeiro | J318: Rio de Janeiro | K318: Sudeste | L318: Sim | M318: Sim | N318: 71.482354 | O318: Entre 70 e 80
A319: MP88 | B319: Manuel | C319: 9° ano | D319: Missão Planeta | E319: Feminino | F319: Parda | G319: Sim | H319: 1 | I319: Monte Azul | J319: Minas Gerais | K319: Sudeste | L319: Sim | M319: Sim | N319: 80.936465 | O319: Entre 80 e 90
A320: MP90 | B320: Emanuel | C320: 9° ano | D320: Missão Planeta | E320: Feminino | F320: Sem declaração | G320: Sim | H320: 1 | I320: Taboao da Serra | J320: São Paulo | K320: Sudeste | L320: Sim | M320: Sim | N320: 84.700644 | O320: Entre 80 e 90

Sheet Base_Alunos_Veteranos
A1: ID | B1: RA | C1: nome | D1: etnia | E1: genero | F1: estado | G1: cidade
A2: 963372 | B2: 2024059447 | C2: {=xlookup(B2,Base_Alunos_ADI_2026!B:B,Base_Alunos_ADI_2026!C:C)} -> #NAME? | D2: Branca | E2: Feminino | F2: São Paulo (SP) | G2: Itu
A3: 963454 | B3: 2024059937 | C3: {=xlookup(B3,Base_Alunos_ADI_2026!B:B,Base_Alunos_ADI_2026!C:C)} -> #NAME? | D3: Parda | E3: Feminino | F3: São Paulo (SP) | G3: Campinas
A4: 963536 | B4: 2024055535 | C4: {=xlookup(B4,Base_Alunos_ADI_2026!B:B,Base_Alunos_ADI_2026!C:C)} -> #NAME? | D4: Branca | E4: Feminino | F4: Rio de Janeiro (RJ) | G4: Rio de Janeiro
A5: 963570 | B5: 2024054541 | C5: {=xlookup(B5,Base_Alunos_ADI_2026!B:B,Base_Alunos_ADI_2026!C:C)} -> #NAME? | D5: Parda | E5: Feminino | F5: Bahia (BA) | G5: Salvador
A6: 963573 | B6: 2024052949 | C6: {=xlookup(B6,Base_Alunos_ADI_2026!B:B,Base_Alunos_ADI_2026!C:C)} -> #NAME? | D6: Branca | E6: Masculino | F6: Santa Catarina (SC) | G6: Joinville
A7: 963581 | B7: 2024057522 | C7: {=xlookup(B7,Base_Alunos_ADI_2026!B:B,Base_Alunos_ADI_2026!C:C)} -> #NAME? | D7: Branca | E7: Feminino | F7: São Paulo (SP) | G7: Vargem Grande Paulista
A8: 963655 | B8: 2024059770 | C8: {=xlookup(B8,Base_Alunos_ADI_2026!B:B,Base_Alunos_ADI_2026!C:C)} -> #NAME? | D8: Branca | E8: Feminino | F8: Minas Gerais (MG) | G8: Belo Horizonte
A9: 963823 | B9: 2024059811 | C9: {=xlookup(B9,Base_Alunos_ADI_2026!B:B,Base_Alunos_ADI_2026!C:C)} -> #NAME? | D9: Branca | E9: Masculino | F9: Santa Catarina (SC) | G9: Joinville
A10: 964156 | B10: 2024056554 | C10: {=xlookup(B10,Base_Alunos_ADI_2026!B:B,Base_Alunos_ADI_2026!C:C)} -> #NAME? | D10: Branca | E10: Feminino | F10: Ceará (CE) | G10: Bela Cruz
A11: 964163 | B11: 2024058609 | C11: {=xlookup(B11,Base_Alunos_ADI_2026!B:B,Base_Alunos_ADI_2026!C:C)} -> #NAME? | D11: Branca | E11: Masculino | F11: São Paulo (SP) | G11: Caieiras
A12: 964279 | B12: 2024059473 | C12: {=xlookup(B12,Base_Alunos_ADI_2026!B:B,Base_Alunos_ADI_2026!C:C)} -> #NAME? | D12: Parda | E12: Feminino | F12: Ceará (CE) | G12: Cambota (Bela Cruz)
A13: 964281 | B13: 2024053394 | C13: {=xlookup(B13,Base_Alunos_ADI_2026!B:B,Base_Alunos_ADI_2026!C:C)} -> #NAME? | D13: Branca | E13: Feminino | F13: Minas Gerais (MG) | G13: Contagem
... A37: 965496 | B37: 2024052046 | C37: {=xlookup(B37,Base_Alunos_ADI_2026!B:B,Base_Alunos_ADI_2026!C:C)} -> #NAME? | D37: Parda | E37: Masculino | F37: Espírito Santo (ES) | G37: Vila Velha
